{"cameraMode":{"drawMode":0,"name":"Shaded","section":"Shading Mode"},"sceneLighting":true,"audioPlay":false,"sceneViewState":{"showFog":true,"showMaterialUpdate":false,"showSkybox":true,"showFlares":true,"showImageEffects":true,"showParticleSystems":true},"in2DMode":false,"pivot":{"x":-9.70721435546875,"y":-59.558311462402347,"z":51.74742126464844},"rotation":{"x":-0.07749417424201966,"y":0.8637887835502625,"z":-0.14011520147323609,"w":-0.4777379631996155},"size":245.1089630126953,"orthographic":false}